datetime,open,high,low,close,volume,oi,symbol
2022-07-22,1860.0,1950.0,1843.0,1924.5,80644,51745,JM
2022-07-25,1934.0,1998.0,1924.0,1956.0,75551,48815,JM
2022-07-26,1956.0,1993.5,1893.5,1977.5,78314,47517,JM
2022-07-27,1970.0,1990.0,1919.0,1987.0,64328,47027,JM
2022-07-28,1994.0,2186.5,1956.0,2173.0,103156,47043,JM
2022-07-29,2150.0,2217.0,2102.5,2133.5,101546,44311,JM
2022-08-01,2137.5,2226.0,2127.0,2162.5,92470,42383,JM
2022-08-02,2162.5,2258.0,2144.0,2256.5,77914,44211,JM
2022-08-03,2250.0,2275.0,2186.0,2212.5,75257,42868,JM
2022-08-04,2211.0,2232.0,2124.0,2133.5,63677,40439,JM
2022-08-05,2133.0,2182.0,2085.0,2088.0,68725,39285,JM
2022-08-08,2108.0,2203.0,2081.0,2183.0,68171,37856,JM
2022-08-09,2190.0,2223.0,2149.0,2182.0,53816,37653,JM
2022-08-10,2182.0,2182.0,2102.5,2128.0,50803,36974,JM
2022-08-11,2137.0,2175.5,2101.0,2135.0,46180,35071,JM
2022-08-12,2150.0,2195.5,2147.0,2189.5,42095,34635,JM
2022-08-15,2162.0,2202.5,2126.5,2151.5,39043,32519,JM
2022-08-16,2135.0,2200.0,2117.5,2196.0,31437,31456,JM
2022-08-17,2200.0,2225.0,2130.0,2138.0,37356,29479,JM
2022-08-18,2165.0,2167.5,2123.0,2127.0,27149,25244,JM
2022-08-19,1901.0,1914.0,1860.0,1871.5,46927,40424,JM
2022-08-22,1873.0,1965.0,1852.0,1961.0,53835,41796,JM
2022-08-23,1950.5,1983.5,1923.0,1958.5,49004,44010,JM
2022-08-24,1959.0,1993.5,1917.0,1948.0,55171,45823,JM
2022-08-25,1948.5,2000.0,1942.0,1960.5,59492,46524,JM
2022-08-26,1955.0,2050.0,1941.5,2050.0,66155,52662,JM
2022-08-29,2050.0,2055.0,1951.0,1963.5,65866,50917,JM
2022-08-30,1963.5,1964.5,1864.0,1868.0,68320,55223,JM
2022-08-31,1861.0,1893.5,1846.0,1869.0,57176,55725,JM
2022-09-01,1865.5,1889.0,1811.5,1818.0,63590,59588,JM
2022-09-02,1818.0,1858.0,1780.0,1850.0,62014,57966,JM
2022-09-05,1859.0,1878.0,1822.0,1872.5,58975,56218,JM
2022-09-06,1872.5,1888.0,1836.0,1856.0,51496,57416,JM
2022-09-07,1843.0,1875.0,1809.5,1822.5,56256,59327,JM
2022-09-08,1831.5,1878.0,1823.0,1865.5,52038,56783,JM
2022-09-09,1867.0,1904.0,1849.5,1903.0,51847,54038,JM
2022-09-13,1917.5,1973.5,1917.5,1968.5,42096,55470,JM
2022-09-14,1949.0,1968.0,1917.5,1955.5,47368,54521,JM
2022-09-15,1965.0,2031.0,1960.0,2012.5,87570,57865,JM
2022-09-16,1997.0,2019.5,1977.5,2013.0,65051,59834,JM
2022-09-19,2013.5,2069.0,2003.0,2036.0,70392,63570,JM
2022-09-20,2030.0,2079.0,2001.0,2015.0,76485,61185,JM
2022-09-21,2016.5,2063.0,2000.5,2056.0,68716,63451,JM
2022-09-22,2069.0,2094.0,2026.0,2082.5,62484,66291,JM
2022-09-23,2090.0,2126.0,2078.0,2080.5,66368,67513,JM
2022-09-26,2050.0,2102.0,2036.0,2077.0,66851,67251,JM
2022-09-27,2090.5,2144.0,2087.5,2132.0,64091,68568,JM
2022-09-28,2144.0,2151.5,2090.5,2097.0,51779,66942,JM
2022-09-29,2105.0,2134.0,2087.5,2106.0,51820,64327,JM
2022-09-30,2127.0,2133.0,2084.0,2107.0,42472,60404,JM
2022-10-10,2146.5,2221.0,2146.5,2218.5,37887,64716,JM
2022-10-11,2221.5,2233.0,2163.5,2176.0,46166,64780,JM
2022-10-12,2195.0,2197.0,2101.0,2143.0,57461,64632,JM
2022-10-13,2141.5,2170.0,2114.5,2117.5,48820,64671,JM
2022-10-14,2105.0,2169.0,2071.0,2169.0,45034,64602,JM
2022-10-17,2178.5,2178.5,2052.0,2063.5,71142,65085,JM
2022-10-18,2072.0,2088.5,2012.0,2037.5,62850,64732,JM
2022-10-19,2037.0,2066.0,2031.0,2042.5,48589,64364,JM
2022-10-20,2037.0,2042.0,2002.0,2004.0,56601,66289,JM
2022-10-21,2010.0,2060.0,2001.0,2030.0,54451,64261,JM
2022-10-24,2020.0,2080.0,2015.0,2050.0,57127,63843,JM
2022-10-25,2040.0,2040.0,1960.0,1966.0,66706,64675,JM
2022-10-26,1966.5,1998.5,1949.0,1957.5,51271,62919,JM
2022-10-27,1958.0,1986.5,1940.5,1943.0,44005,62998,JM
2022-10-28,1948.0,1963.5,1908.0,1925.0,53632,62028,JM
2022-10-31,1928.0,1932.0,1858.0,1865.0,58245,62391,JM
2022-11-01,1876.0,1950.0,1853.5,1941.5,58883,60207,JM
2022-11-02,1935.0,1980.0,1915.0,1961.5,52245,59489,JM
2022-11-03,1950.0,1989.0,1938.0,1974.0,45061,59460,JM
2022-11-04,1965.0,2068.0,1951.0,2065.0,62321,60701,JM
2022-11-07,2080.0,2098.0,2028.0,2067.5,60740,58987,JM
2022-11-08,2061.0,2089.5,2033.5,2089.0,45838,59045,JM
2022-11-09,2083.5,2113.0,2065.5,2094.0,51308,60545,JM
2022-11-10,2084.0,2089.5,2017.0,2032.0,55416,58774,JM
2022-11-11,2028.0,2152.0,2017.5,2126.5,68124,58213,JM
2022-11-14,2126.5,2173.0,2110.0,2122.5,50755,56711,JM
2022-11-15,2123.0,2180.0,2121.0,2160.0,41754,57384,JM
2022-11-16,2160.0,2184.5,2140.0,2167.0,41786,56957,JM
2022-11-17,2165.0,2180.0,2123.0,2170.0,48608,56371,JM
2022-11-18,2172.0,2200.0,2142.0,2193.5,41773,57240,JM
2022-11-21,2190.0,2195.0,2106.0,2129.0,50943,54285,JM
2022-11-22,2124.0,2149.0,2083.0,2084.5,45436,53924,JM
2022-11-23,2099.0,2145.0,2082.0,2137.0,46537,54853,JM
2022-11-24,2135.0,2184.5,2121.0,2157.5,45106,53993,JM
2022-11-25,2157.5,2204.5,2145.5,2203.0,39947,55367,JM
2022-11-28,2210.5,2221.5,2165.0,2187.5,34598,54185,JM
2022-11-29,2196.5,2265.0,2193.0,2246.0,40162,55577,JM
2022-11-30,2241.5,2270.0,2216.0,2233.0,37641,54024,JM
2022-12-01,2244.0,2252.0,2170.0,2172.0,42658,49969,JM
2022-12-02,2172.0,2218.0,2163.5,2200.0,35856,46308,JM
2022-12-05,2229.5,2250.0,2183.5,2223.0,35020,43457,JM
2022-12-06,1825.0,1843.0,1784.0,1809.0,50320,57321,JM
2022-12-07,1811.5,1852.0,1778.0,1781.5,61486,64557,JM
2022-12-08,1778.0,1830.0,1778.0,1822.0,51204,66967,JM
2022-12-09,1838.0,1883.0,1831.0,1868.0,53128,69095,JM
2022-12-12,1858.0,1967.5,1857.5,1930.0,72771,67909,JM
2022-12-13,1928.0,1954.5,1895.5,1938.0,55116,70037,JM
2022-12-14,1929.0,1994.5,1929.0,1984.5,59309,74839,JM
2022-12-15,1978.0,2008.5,1952.0,1997.5,58287,73486,JM
2022-12-16,1995.0,2025.0,1922.0,1969.0,73768,74337,JM
2022-12-19,1975.5,1976.0,1850.5,1855.5,81796,75022,JM
2022-12-20,1870.0,1885.0,1822.0,1841.5,65870,73626,JM
2022-12-21,1849.0,1917.5,1836.0,1908.5,62240,73726,JM
2022-12-22,1920.5,1922.0,1830.0,1835.5,63913,74943,JM
2022-12-23,1844.5,1869.0,1823.0,1839.5,55923,73473,JM
2022-12-26,1839.5,1910.0,1828.0,1898.5,64928,71966,JM
2022-12-27,1890.0,1944.5,1877.0,1927.5,52345,71823,JM
2022-12-28,1917.0,1932.0,1845.0,1885.0,61057,72838,JM
2022-12-29,1891.0,1896.0,1847.0,1871.0,56393,73419,JM
2022-12-30,1874.0,1895.0,1848.5,1864.5,62335,73520,JM
2023-01-03,1864.0,1864.0,1790.0,1826.5,51985,74002,JM
2023-01-04,1825.0,1834.5,1756.0,1770.0,66759,79468,JM
2023-01-05,1770.0,1808.5,1761.0,1791.0,55534,76304,JM
2023-01-06,1800.0,1825.0,1775.5,1823.0,59841,74214,JM
2023-01-09,1820.0,1868.0,1814.5,1857.5,65858,73153,JM
2023-01-10,1862.0,1869.0,1817.0,1843.0,50078,72597,JM
2023-01-11,1824.5,1885.5,1824.5,1882.5,50929,74366,JM
2023-01-12,1886.0,1888.0,1822.0,1855.0,60546,75678,JM
2023-01-13,1856.0,1892.5,1850.5,1888.0,56539,75864,JM
2023-01-16,1880.0,1906.0,1835.0,1868.0,58732,75968,JM
2023-01-17,1862.5,1880.0,1828.0,1857.5,48620,75882,JM
2023-01-18,1868.5,1897.0,1861.0,1892.0,37064,77958,JM
2023-01-19,1894.0,1919.0,1873.5,1896.0,43470,77612,JM
2023-01-20,1896.5,1912.5,1868.0,1886.0,36878,75814,JM
2023-01-30,1918.0,1949.0,1857.0,1867.0,44900,80015,JM
2023-01-31,1872.5,1892.0,1824.0,1832.5,50419,83469,JM
2023-02-01,1839.5,1839.5,1778.0,1788.5,61042,85869,JM
2023-02-02,1806.0,1831.0,1782.5,1800.5,58274,83226,JM
2023-02-03,1812.0,1825.0,1772.0,1812.0,53865,81271,JM
2023-02-06,1812.0,1836.0,1787.0,1835.5,51512,81931,JM
2023-02-07,1839.0,1846.5,1804.5,1828.5,55344,82314,JM
2023-02-08,1820.5,1854.5,1801.0,1843.5,57115,82082,JM
2023-02-09,1840.0,1864.0,1831.0,1845.5,41194,82341,JM
2023-02-10,1845.0,1866.0,1808.0,1840.0,63138,80436,JM
2023-02-13,1849.5,1857.0,1784.0,1789.0,52890,83956,JM
2023-02-14,1785.0,1823.0,1780.0,1813.0,42309,79897,JM
2023-02-15,1815.5,1847.5,1808.5,1825.0,45576,80629,JM
2023-02-16,1826.5,1869.5,1819.5,1865.5,47359,82862,JM
2023-02-17,1865.0,1899.0,1861.0,1897.0,44069,85051,JM
2023-02-20,1893.0,1925.0,1877.5,1925.0,43874,87102,JM
2023-02-21,1933.0,1976.0,1928.5,1975.0,44880,90620,JM
2023-02-22,1970.0,1989.0,1952.0,1960.0,47169,90688,JM
2023-02-23,2020.0,2085.0,2013.0,2020.5,114950,93239,JM
2023-02-24,2019.5,2060.5,2014.0,2049.5,65091,93373,JM
2023-02-27,2049.5,2101.5,2025.0,2064.0,81157,94105,JM
2023-02-28,2064.5,2073.0,2001.0,2013.5,75033,91740,JM
2023-03-01,2014.0,2054.5,2003.0,2033.5,65128,90610,JM
2023-03-02,2040.0,2048.5,2005.0,2018.0,55339,88967,JM
2023-03-03,2019.0,2026.0,1980.0,2004.0,67488,86513,JM
2023-03-06,2002.5,2015.0,1961.0,1980.0,59438,82705,JM
2023-03-07,1980.0,1998.0,1965.0,1973.5,45333,83498,JM
2023-03-08,1975.0,1997.0,1955.0,1984.0,54640,82454,JM
2023-03-09,1983.0,1983.0,1934.5,1966.0,60740,78236,JM
2023-03-10,1975.0,2014.5,1952.5,1955.5,70010,75505,JM
2023-03-13,1960.0,2021.0,1957.5,2020.5,55095,78058,JM
2023-03-14,1997.0,2019.5,1963.0,1968.0,63375,74670,JM
2023-03-15,1975.0,1978.5,1907.0,1913.0,66273,72503,JM
2023-03-16,1893.0,1910.5,1851.5,1853.5,59871,68071,JM
2023-03-17,1853.5,1900.5,1850.0,1874.5,48437,66696,JM
2023-03-20,1875.0,1889.5,1852.5,1863.5,40908,65955,JM
2023-03-21,1869.5,1877.5,1811.0,1812.0,48060,67477,JM
2023-03-22,1821.0,1841.5,1811.0,1838.0,42302,66352,JM
2023-03-23,1834.0,1856.5,1805.0,1818.5,49159,65381,JM
2023-03-24,1811.0,1859.5,1811.0,1858.5,43784,64526,JM
2023-03-27,1839.0,1862.5,1823.5,1844.0,45603,62835,JM
2023-03-28,1845.0,1851.0,1800.0,1817.5,52257,63092,JM
2023-03-29,1828.5,1847.0,1815.5,1832.5,43211,60572,JM
2023-03-30,1834.0,1843.0,1812.0,1833.5,41162,59146,JM
2023-03-31,1833.0,1868.0,1825.0,1860.0,49416,57908,JM
2023-04-03,1860.0,1866.0,1776.5,1779.5,61083,57731,JM
2023-04-04,1791.0,1791.5,1743.5,1757.5,44537,54726,JM
2023-04-06,1751.0,1770.0,1730.5,1740.0,27768,53728,JM
2023-04-07,1745.0,1780.0,1733.5,1768.0,36005,49349,JM
2023-04-10,1761.0,1772.5,1677.0,1696.5,42557,48542,JM
2023-04-11,1690.5,1730.0,1686.5,1726.0,33067,44251,JM
2023-04-12,1738.5,1738.5,1701.0,1725.0,25041,42773,JM
2023-04-13,1721.0,1727.5,1705.0,1726.0,26940,37642,JM
2023-04-14,1531.0,1592.0,1531.0,1550.5,53611,60219,JM
2023-04-17,1540.5,1575.0,1523.0,1574.0,63162,63258,JM
2023-04-18,1578.0,1609.5,1570.0,1595.0,67885,64198,JM
2023-04-19,1595.0,1614.5,1575.0,1583.5,49591,65515,JM
2023-04-20,1575.0,1575.0,1515.0,1525.5,68009,76313,JM
2023-04-21,1521.0,1529.5,1485.0,1486.5,60714,80221,JM
2023-04-24,1486.5,1510.0,1468.0,1487.0,66766,80902,JM
2023-04-25,1482.0,1504.0,1465.5,1473.5,55052,83016,JM
2023-04-26,1460.0,1470.0,1437.0,1442.5,69658,88762,JM
2023-04-27,1443.0,1463.0,1415.0,1416.5,67876,93371,JM
2023-04-28,1408.0,1413.5,1361.0,1385.0,97006,99157,JM
2023-05-04,1380.0,1381.0,1318.0,1325.5,77632,119668,JM
2023-05-05,1323.0,1360.0,1287.5,1352.0,154921,130073,JM
2023-05-08,1352.0,1420.0,1300.5,1412.5,255484,147644,JM
2023-05-09,1412.5,1419.0,1345.5,1351.5,183833,156174,JM
2023-05-10,1345.0,1376.5,1332.5,1351.5,167326,164684,JM
2023-05-11,1355.0,1373.0,1327.0,1337.5,152105,163423,JM
2023-05-12,1329.5,1374.5,1313.0,1352.0,158539,164766,JM
2023-05-15,1369.5,1390.0,1355.5,1388.5,150294,167007,JM
2023-05-16,1393.5,1398.0,1365.5,1383.0,128571,162055,JM
2023-05-17,1386.0,1430.5,1375.0,1428.0,137038,162103,JM
2023-05-18,1428.0,1448.5,1401.0,1406.5,132212,162810,JM
2023-05-19,1400.0,1400.0,1336.0,1345.0,171123,168861,JM
2023-05-22,1344.0,1355.0,1301.0,1311.5,198502,172485,JM
2023-05-23,1320.0,1353.0,1311.0,1325.5,134117,163316,JM
2023-05-24,1325.5,1333.5,1296.0,1307.5,132950,165350,JM
2023-05-25,1305.0,1325.0,1251.0,1267.0,187875,176184,JM
2023-05-26,1260.0,1280.5,1215.0,1263.0,205758,176159,JM
2023-05-29,1263.0,1274.5,1230.0,1253.0,146111,174325,JM
2023-05-30,1253.0,1261.5,1209.0,1222.0,148157,182390,JM
2023-05-31,1216.5,1234.0,1195.5,1227.5,133456,178057,JM
2023-06-01,1215.5,1260.0,1195.0,1259.0,162448,182497,JM
2023-06-02,1260.0,1296.0,1225.0,1276.0,184382,177846,JM
2023-06-05,1280.0,1313.5,1253.0,1261.5,162145,175052,JM
2023-06-06,1261.5,1298.0,1251.0,1273.5,149245,173084,JM
2023-06-07,1282.0,1301.5,1256.0,1270.0,148329,173752,JM
2023-06-08,1274.5,1290.0,1258.0,1268.0,115153,168954,JM
2023-06-09,1272.0,1294.5,1263.5,1289.0,158594,179757,JM
2023-06-12,1287.5,1298.0,1243.0,1277.5,195481,177333,JM
2023-06-13,1278.5,1329.5,1266.0,1323.5,178372,181181,JM
2023-06-14,1325.5,1357.5,1305.0,1337.0,173691,174900,JM
2023-06-15,1340.0,1381.5,1339.0,1379.5,170568,177941,JM
2023-06-16,1381.0,1403.5,1377.0,1400.5,144522,170984,JM
2023-06-19,1400.5,1423.0,1367.0,1368.0,181033,176860,JM
2023-06-20,1371.0,1378.0,1344.0,1357.5,132759,169455,JM
2023-06-21,1358.0,1373.0,1341.5,1352.5,107249,165580,JM
2023-06-26,1320.0,1329.5,1263.5,1293.0,120920,170082,JM
2023-06-27,1295.0,1341.5,1288.5,1333.0,115372,163274,JM
2023-06-28,1330.0,1341.0,1301.5,1325.5,114372,165232,JM
2023-06-29,1314.5,1337.0,1305.0,1328.0,91503,158742,JM
2023-06-30,1325.0,1361.5,1325.0,1351.0,126468,162046,JM
2023-07-03,1351.5,1379.0,1316.5,1331.0,162393,166215,JM
2023-07-04,1336.0,1350.0,1308.0,1316.0,131548,168151,JM
2023-07-05,1325.0,1328.0,1303.5,1309.5,100131,168501,JM
2023-07-06,1310.0,1340.5,1310.0,1338.0,110830,165039,JM
2023-07-07,1340.5,1350.0,1310.0,1311.0,125603,164569,JM
2023-07-10,1312.0,1336.5,1312.0,1316.5,112482,158678,JM
2023-07-11,1321.5,1378.0,1319.5,1360.0,151887,162180,JM
2023-07-12,1362.0,1394.5,1360.0,1391.5,115933,160065,JM
2023-07-13,1392.0,1401.5,1366.5,1395.5,114785,162232,JM
2023-07-14,1398.0,1437.0,1390.5,1425.5,137453,163673,JM
2023-07-17,1437.5,1438.0,1378.0,1390.5,135304,158100,JM
2023-07-18,1403.0,1476.0,1394.0,1474.5,194945,179569,JM
2023-07-19,1474.5,1488.5,1460.0,1487.0,134159,172019,JM
2023-07-20,1490.0,1534.5,1488.0,1534.0,150320,171851,JM
2023-07-21,1539.0,1539.0,1476.5,1501.5,165483,160890,JM
2023-07-24,1501.5,1513.5,1461.0,1472.5,146730,160046,JM
2023-07-25,1472.0,1494.5,1456.0,1484.0,154398,157953,JM
2023-07-26,1488.0,1542.5,1484.0,1530.0,157655,157225,JM
2023-07-27,1529.0,1529.0,1483.0,1494.0,145054,152017,JM
2023-07-28,1490.0,1521.0,1463.0,1485.0,174118,153280,JM
2023-07-31,1485.0,1489.0,1435.5,1462.0,156246,144965,JM
2023-08-01,1470.0,1502.0,1458.0,1500.5,120573,133723,JM
2023-08-02,1500.0,1539.0,1492.5,1514.5,137039,127359,JM
2023-08-03,1504.5,1527.5,1438.0,1443.5,166238,124258,JM
2023-08-04,1451.0,1487.0,1451.0,1470.0,113931,111102,JM
2023-08-07,1480.5,1516.5,1460.5,1487.5,133911,113046,JM
2023-08-08,1483.0,1499.5,1452.5,1465.0,86127,100884,JM
2023-08-09,1478.0,1505.0,1456.0,1497.0,88785,98057,JM
2023-08-10,1497.0,1515.0,1466.5,1468.0,79964,83902,JM
2023-08-11,1481.0,1496.0,1460.5,1483.5,69652,71679,JM
2023-08-14,1409.0,1429.0,1367.0,1379.5,125428,138566,JM
2023-08-15,1375.0,1411.0,1352.5,1400.0,113695,140111,JM
2023-08-16,1390.0,1408.5,1363.5,1367.0,112071,141291,JM
2023-08-17,1369.0,1404.0,1356.0,1402.0,127300,140394,JM
2023-08-18,1400.0,1421.5,1387.5,1414.0,139460,144465,JM
2023-08-21,1403.0,1450.0,1380.0,1442.0,171325,155785,JM
2023-08-22,1442.0,1509.0,1423.5,1490.0,180893,166382,JM
2023-08-23,1490.0,1554.0,1485.0,1521.0,198981,176876,JM
2023-08-24,1522.5,1549.5,1496.0,1499.5,147245,171039,JM
2023-08-25,1494.5,1521.5,1491.0,1509.0,123745,174559,JM
2023-08-28,1516.0,1534.0,1470.5,1498.5,170489,178259,JM
2023-08-29,1497.0,1503.5,1461.5,1466.0,127904,170715,JM
2023-08-30,1460.0,1520.0,1455.5,1519.5,142287,181317,JM
2023-08-31,1520.0,1545.0,1511.0,1536.5,140348,184876,JM
2023-09-01,1543.0,1638.0,1542.0,1626.0,225625,199437,JM
2023-09-04,1650.0,1709.5,1623.0,1675.0,241954,197069,JM
2023-09-05,1670.0,1753.5,1663.0,1713.5,262933,206232,JM
2023-09-06,1700.0,1728.0,1682.0,1726.0,177628,200391,JM
2023-09-07,1719.0,1759.0,1660.0,1704.5,270947,207253,JM
2023-09-08,1703.0,1720.5,1635.0,1642.0,225879,190469,JM
2023-09-11,1649.5,1739.5,1641.0,1739.5,202084,203264,JM
2023-09-12,1741.5,1794.0,1738.5,1784.5,208818,209789,JM
2023-09-13,1790.0,1798.0,1714.5,1755.0,242722,203109,JM
2023-09-14,1775.0,1812.5,1741.0,1807.5,226662,211765,JM
2023-09-15,1815.0,1831.0,1794.0,1822.5,175383,208974,JM
2023-09-18,1820.0,1896.5,1812.5,1890.0,242260,228657,JM
2023-09-19,1890.0,1939.0,1871.0,1876.5,252331,220283,JM
2023-09-20,1885.0,1932.5,1885.0,1925.0,207449,224345,JM
2023-09-21,1927.5,1934.0,1832.0,1843.0,270253,214814,JM
2023-09-22,1843.0,1876.5,1812.0,1861.0,250876,206982,JM
2023-09-25,1870.0,1895.0,1816.0,1832.0,251840,209210,JM
2023-09-26,1835.0,1838.0,1759.5,1771.5,203632,179299,JM
2023-09-27,1772.0,1808.0,1771.5,1784.0,120682,177458,JM
2023-09-28,1783.0,1876.0,1783.0,1849.0,185963,174146,JM
2023-10-09,1860.0,1892.5,1822.0,1862.0,120245,178654,JM
2023-10-10,1862.0,1866.5,1726.0,1734.0,191034,177110,JM
2023-10-11,1734.0,1769.0,1684.0,1710.5,166827,173638,JM
2023-10-12,1715.0,1754.0,1707.5,1744.5,144098,171755,JM
2023-10-13,1748.0,1748.0,1695.0,1731.5,128036,169711,JM
2023-10-16,1739.5,1789.5,1715.5,1786.0,142701,175920,JM
2023-10-17,1786.0,1813.0,1762.0,1782.0,137745,173500,JM
2023-10-18,1779.5,1784.0,1720.0,1731.5,158896,174767,JM
2023-10-19,1721.5,1732.5,1691.5,1720.5,133775,171602,JM
2023-10-20,1726.0,1746.0,1680.0,1702.0,145094,172398,JM
2023-10-23,1700.0,1710.0,1658.0,1672.5,119604,168450,JM
2023-10-24,1679.0,1728.0,1675.5,1727.0,125146,168029,JM
2023-10-25,1731.5,1798.0,1728.0,1796.0,174218,170947,JM
2023-10-26,1796.0,1796.0,1752.5,1786.0,135703,166506,JM
2023-10-27,1777.0,1829.0,1761.0,1821.0,146950,168027,JM
2023-10-30,1817.5,1844.0,1807.0,1839.0,102791,163342,JM
2023-10-31,1835.0,1843.0,1784.0,1815.0,115898,162829,JM
2023-11-01,1815.0,1833.5,1795.5,1814.5,121222,163198,JM
2023-11-02,1820.0,1820.0,1776.0,1805.5,125555,162667,JM
2023-11-03,1796.5,1879.5,1792.5,1874.0,175536,173384,JM
2023-11-06,1874.0,1910.0,1865.0,1894.5,129421,171002,JM
2023-11-07,1890.0,1935.0,1881.5,1911.5,131643,174267,JM
2023-11-08,1900.0,1958.0,1882.0,1957.0,145565,178849,JM
2023-11-09,1955.0,1987.0,1943.0,1964.0,142345,174839,JM
2023-11-10,1959.0,2017.5,1952.5,1999.0,133846,170453,JM
2023-11-13,1999.0,2068.0,1995.0,2015.0,173775,167472,JM
2023-11-14,2015.0,2018.0,1965.5,2004.5,133196,159549,JM
2023-11-15,2009.5,2058.0,1972.0,1989.5,175385,160625,JM
2023-11-16,1980.0,2089.5,1958.5,2082.5,216108,172089,JM
2023-11-17,2120.0,2133.0,2027.0,2044.5,196254,160955,JM
2023-11-20,2056.0,2083.0,2034.0,2064.5,128600,157210,JM
2023-11-21,2065.0,2088.0,2003.0,2005.0,147478,156185,JM
2023-11-22,2009.0,2041.0,1986.5,2028.5,135558,150094,JM
2023-11-23,2040.0,2076.0,1965.0,2015.0,205983,152856,JM
2023-11-24,2030.0,2094.5,1988.5,2092.5,151920,148503,JM
2023-11-27,2095.0,2179.0,2063.5,2171.0,170786,141956,JM
2023-11-28,2169.5,2178.0,2086.5,2124.0,135278,131182,JM
2023-11-29,2142.5,2169.5,2073.0,2085.0,130484,122342,JM
2023-11-30,2099.5,2100.0,2026.0,2090.0,129327,118056,JM
2023-12-01,2087.5,2140.5,2078.5,2116.5,120577,114102,JM
2023-12-04,2123.5,2123.5,1985.5,1995.0,138298,106089,JM
2023-12-05,1995.0,2012.0,1956.5,1989.5,108445,91447,JM
2023-12-06,1989.0,2043.0,1985.0,2018.0,91625,82956,JM
2023-12-07,2009.5,2072.0,2004.0,2064.0,79404,67741,JM
2023-12-08,2027.0,2038.0,1965.5,1990.5,158864,129378,JM
2023-12-11,2000.0,2022.5,1928.5,1956.0,161987,134053,JM
2023-12-12,1960.0,2031.5,1951.0,2022.0,130572,133104,JM
2023-12-13,2021.0,2023.0,1869.5,1898.5,211285,145089,JM
2023-12-14,1920.0,1939.0,1873.5,1881.0,155713,140114,JM
2023-12-15,1894.0,1947.0,1887.5,1907.5,176129,141840,JM
2023-12-18,1910.0,1923.5,1835.0,1885.5,180658,141011,JM
2023-12-19,1892.5,1917.0,1862.0,1886.5,143518,137226,JM
2023-12-20,1895.0,1932.0,1868.0,1907.5,135809,140239,JM
2023-12-21,1902.0,1955.0,1877.0,1953.5,153707,144208,JM
2023-12-22,1958.0,2008.0,1950.0,1968.5,163192,145647,JM
2023-12-25,1964.0,1988.5,1932.0,1950.5,112966,135578,JM
2023-12-26,1950.0,1969.0,1926.5,1943.0,114104,138425,JM
2023-12-27,1948.0,1961.0,1892.0,1913.0,127729,137463,JM
2023-12-28,1910.0,1932.0,1870.0,1879.0,130310,143534,JM
2023-12-29,1880.0,1900.0,1861.0,1887.5,104814,134855,JM
2024-01-02,1884.0,1946.5,1837.0,1930.0,99231,140450,JM
2024-01-03,1930.0,1983.0,1927.0,1973.0,104688,141846,JM
2024-01-04,1973.0,1973.0,1884.5,1885.5,129395,140524,JM
2024-01-05,1895.0,1903.5,1845.0,1846.0,123960,141183,JM
2024-01-08,1846.5,1855.0,1781.0,1786.5,144212,147164,JM
2024-01-09,1786.5,1808.0,1772.5,1786.5,104779,145550,JM
2024-01-10,1786.0,1791.5,1750.5,1759.0,106542,145168,JM
2024-01-11,1759.0,1817.0,1740.5,1803.5,127702,145828,JM
2024-01-12,1800.0,1809.0,1773.5,1788.5,95144,140020,JM
2024-01-15,1806.0,1820.0,1764.0,1796.0,114854,142617,JM
2024-01-16,1787.0,1805.5,1755.0,1798.5,114561,142069,JM
2024-01-17,1809.0,1830.0,1776.5,1776.5,118181,138677,JM
2024-01-18,1770.0,1820.0,1762.0,1816.5,122511,139968,JM
2024-01-19,1817.0,1831.0,1801.0,1822.5,91028,136962,JM
2024-01-22,1822.0,1853.0,1796.5,1812.5,127373,135574,JM
2024-01-23,1813.0,1839.0,1808.0,1826.5,78347,129580,JM
2024-01-24,1824.0,1860.5,1811.0,1853.0,88385,131624,JM
2024-01-25,1868.0,1874.0,1830.0,1835.0,93530,127976,JM
2024-01-26,1835.0,1842.5,1772.5,1778.5,126106,131878,JM
2024-01-29,1783.0,1816.5,1767.0,1780.0,91195,126612,JM
2024-01-30,1780.0,1803.0,1750.0,1751.0,88037,130856,JM
2024-01-31,1750.0,1750.0,1697.0,1704.0,117790,137942,JM
2024-02-01,1705.0,1735.0,1700.0,1726.0,78367,132895,JM
2024-02-02,1725.0,1730.0,1686.0,1708.5,98255,133750,JM
2024-02-05,1714.0,1727.0,1690.5,1708.0,82380,128518,JM
2024-02-06,1703.5,1734.0,1680.5,1715.0,88358,127986,JM
2024-02-07,1715.0,1725.0,1685.0,1700.5,65907,123775,JM
2024-02-08,1706.5,1749.0,1700.0,1746.0,73030,114958,JM
2024-02-19,1726.0,1735.5,1645.0,1647.0,87742,130654,JM
2024-02-20,1644.0,1661.5,1632.0,1646.5,67368,132151,JM
2024-02-21,1644.5,1778.0,1620.5,1748.5,280409,135325,JM
2024-02-22,1760.0,1808.0,1750.0,1793.5,175650,136407,JM
2024-02-23,1790.0,1798.0,1763.5,1766.0,91883,131114,JM
2024-02-26,1766.0,1788.0,1677.5,1702.5,184557,134366,JM
2024-02-27,1695.0,1774.5,1695.0,1770.0,127071,133455,JM
2024-02-28,1762.0,1794.5,1750.5,1772.5,102167,132291,JM
2024-02-29,1778.0,1795.5,1762.5,1791.5,103333,136737,JM
2024-03-01,1797.0,1836.0,1767.5,1780.5,154884,142022,JM
2024-03-04,1773.5,1799.0,1746.5,1789.5,124872,136463,JM
2024-03-05,1789.5,1795.0,1731.0,1740.0,114827,135025,JM
2024-03-06,1736.0,1749.0,1700.0,1720.0,105086,133900,JM
2024-03-07,1725.0,1743.5,1713.5,1729.0,83313,128271,JM
2024-03-08,1725.0,1739.0,1691.5,1729.5,111351,133287,JM
2024-03-11,1718.0,1726.5,1665.0,1670.5,119308,132013,JM
2024-03-12,1670.0,1733.0,1665.0,1703.0,129472,135017,JM
2024-03-13,1703.0,1707.0,1606.0,1637.5,144214,138074,JM
2024-03-14,1640.0,1644.0,1586.0,1599.0,121930,138088,JM
2024-03-15,1595.0,1595.0,1556.0,1564.5,116085,140969,JM
2024-03-18,1561.0,1598.5,1542.0,1591.0,133959,140915,JM
2024-03-19,1598.5,1646.0,1570.0,1630.5,135330,137775,JM
2024-03-20,1630.0,1676.0,1626.0,1638.5,118748,131101,JM
2024-03-21,1636.5,1660.0,1601.0,1656.5,116986,131289,JM
2024-03-22,1655.0,1678.0,1630.5,1665.5,123323,129239,JM
2024-03-25,1670.0,1685.0,1644.0,1647.5,111453,127760,JM
2024-03-26,1647.0,1670.0,1605.0,1611.0,102848,125182,JM
2024-03-27,1605.0,1642.5,1568.5,1569.0,125167,127616,JM
2024-03-28,1569.0,1583.5,1538.0,1570.5,117738,122704,JM
2024-03-29,1564.0,1564.0,1473.5,1487.5,139679,124951,JM
2024-04-01,1496.0,1496.0,1421.0,1471.5,150155,121878,JM
2024-04-02,1472.0,1489.0,1437.5,1443.0,127577,113237,JM
2024-04-03,1454.5,1511.0,1449.5,1471.5,137683,105571,JM
2024-04-08,1422.0,1494.5,1400.5,1493.5,89312,100960,JM
2024-04-09,1489.0,1516.5,1452.0,1508.0,106139,98329,JM
2024-04-10,1520.0,1532.5,1493.0,1507.5,82296,77200,JM
2024-04-11,1600.0,1663.0,1590.0,1655.0,146771,146493,JM
2024-04-12,1655.0,1712.5,1642.0,1709.0,163019,157636,JM
2024-04-15,1705.0,1740.0,1697.0,1740.0,154339,161565,JM
2024-04-16,1741.5,1766.0,1718.0,1746.0,166699,167658,JM
2024-04-17,1746.0,1790.0,1727.0,1787.0,156659,170354,JM
2024-04-18,1787.0,1815.0,1776.0,1791.5,164522,171767,JM
2024-04-19,1790.0,1841.5,1782.0,1802.5,152312,166419,JM
2024-04-22,1795.0,1825.0,1760.5,1790.0,158501,169036,JM
2024-04-23,1786.0,1799.5,1730.5,1734.5,162726,162534,JM
2024-04-24,1730.0,1797.5,1730.0,1789.0,148280,162848,JM
2024-04-25,1789.0,1836.0,1770.0,1804.5,172424,170166,JM
2024-04-26,1810.0,1831.0,1786.5,1817.5,125407,166065,JM
2024-04-29,1817.0,1846.0,1766.5,1808.5,171835,175142,JM
2024-04-30,1810.0,1830.0,1770.0,1806.0,132251,167137,JM
2024-05-06,1810.0,1875.0,1793.5,1873.0,114802,178536,JM
2024-05-07,1872.5,1889.0,1844.0,1853.0,117015,175639,JM
2024-05-08,1850.0,1858.0,1771.0,1777.5,162203,174050,JM
2024-05-09,1770.5,1797.5,1748.0,1769.5,153889,167584,JM
2024-05-10,1772.5,1779.5,1733.0,1753.5,133163,163807,JM
2024-05-13,1765.5,1766.5,1703.0,1737.0,139846,164111,JM
2024-05-14,1721.0,1728.0,1652.0,1664.0,180773,166171,JM
2024-05-15,1664.0,1678.0,1647.0,1664.0,109207,157543,JM
2024-05-16,1665.0,1735.0,1641.0,1720.5,204254,171617,JM
2024-05-17,1719.5,1745.0,1708.0,1724.5,124349,157970,JM
2024-05-20,1725.0,1760.0,1702.0,1743.0,144848,163918,JM
2024-05-21,1730.0,1759.5,1686.0,1736.5,173484,165183,JM
2024-05-22,1740.0,1811.0,1740.0,1799.5,181644,171490,JM
2024-05-23,1790.0,1828.0,1752.0,1786.0,182221,165929,JM
2024-05-24,1789.0,1830.0,1777.5,1814.0,141416,164976,JM
2024-05-27,1809.0,1814.5,1737.0,1751.0,170016,169413,JM
2024-05-28,1758.0,1773.5,1700.0,1703.0,179461,173317,JM
2024-05-29,1710.5,1732.5,1701.0,1726.0,126442,172218,JM
2024-05-30,1716.0,1754.0,1665.0,1679.5,206184,181012,JM
2024-05-31,1675.0,1698.0,1662.0,1670.5,113846,167176,JM
2024-06-03,1681.0,1708.0,1655.5,1696.5,170855,172290,JM
2024-06-04,1690.0,1690.0,1641.0,1671.5,156444,168892,JM
2024-06-05,1663.0,1685.0,1650.5,1652.0,112333,166108,JM
2024-06-06,1652.5,1668.0,1610.0,1637.5,166896,176154,JM
2024-06-07,1638.0,1670.0,1632.0,1637.0,110081,161565,JM
2024-06-11,1637.0,1644.0,1590.0,1602.5,94989,173145,JM
2024-06-12,1607.0,1640.0,1605.0,1628.0,110727,165813,JM
2024-06-13,1645.0,1656.5,1591.0,1619.0,126382,175214,JM
2024-06-14,1628.5,1678.0,1620.0,1658.0,163710,170913,JM
2024-06-17,1658.0,1658.0,1611.0,1631.0,119242,170333,JM
2024-06-18,1632.0,1659.0,1604.0,1615.0,146628,176528,JM
2024-06-19,1609.5,1634.5,1602.0,1616.0,106022,174474,JM
2024-06-20,1616.5,1617.0,1570.5,1587.5,186451,194406,JM
2024-06-21,1592.0,1597.0,1560.0,1560.0,108870,189609,JM
2024-06-24,1560.0,1567.5,1534.5,1543.0,101916,191798,JM
2024-06-25,1543.0,1553.0,1522.5,1546.5,92260,185430,JM
2024-06-26,1549.5,1584.0,1539.0,1581.0,117379,181861,JM
2024-06-27,1581.0,1582.0,1553.5,1556.5,87776,175217,JM
2024-06-28,1556.0,1576.0,1542.5,1573.5,90153,178406,JM
2024-07-01,1573.5,1603.5,1561.5,1603.0,102916,171113,JM
2024-07-02,1610.0,1622.0,1592.0,1612.0,93094,163607,JM
2024-07-03,1609.0,1634.5,1594.0,1631.5,96889,165257,JM
2024-07-04,1631.5,1636.0,1605.5,1616.0,75001,163952,JM
2024-07-05,1615.0,1623.0,1550.0,1557.0,130492,174478,JM
2024-07-08,1558.0,1575.0,1542.5,1556.0,85372,164055,JM
2024-07-09,1563.0,1574.0,1545.0,1563.0,84095,164195,JM
2024-07-10,1562.5,1577.0,1513.0,1531.0,114856,166550,JM
2024-07-11,1538.0,1578.5,1534.0,1560.0,111697,160280,JM
2024-07-12,1562.0,1580.5,1551.0,1571.0,86030,153849,JM
2024-07-15,1573.0,1613.5,1543.0,1580.5,128553,159809,JM
2024-07-16,1579.5,1587.0,1554.0,1571.0,77253,148256,JM
2024-07-17,1569.0,1595.0,1551.5,1556.0,93172,151065,JM
2024-07-18,1556.0,1564.5,1519.5,1564.0,111681,147937,JM
2024-07-19,1557.0,1571.5,1532.0,1543.5,103574,147731,JM
2024-07-22,1533.0,1542.0,1503.0,1507.0,99035,153293,JM
2024-07-23,1507.0,1518.0,1477.5,1482.0,82016,151774,JM
2024-07-24,1487.0,1508.0,1481.5,1489.0,67551,144377,JM
2024-07-25,1490.5,1495.0,1462.5,1474.0,91871,146173,JM
2024-07-26,1470.0,1500.0,1468.0,1487.5,79777,135870,JM
2024-07-29,1488.0,1494.5,1455.0,1477.0,89809,139976,JM
2024-07-30,1480.0,1490.5,1432.0,1446.5,88539,135081,JM
2024-07-31,1446.5,1478.0,1435.5,1461.0,84690,131143,JM
2024-08-01,1465.0,1476.5,1420.0,1431.0,107843,139457,JM
2024-08-02,1425.0,1433.0,1402.5,1426.0,89102,131504,JM
2024-08-05,1425.5,1435.0,1393.0,1423.0,86164,128762,JM
2024-08-06,1412.0,1432.0,1391.5,1402.0,80117,124483,JM
2024-08-07,1400.0,1422.0,1382.0,1412.0,79370,121033,JM
2024-08-08,1417.5,1428.5,1371.5,1378.0,85610,119767,JM
2024-08-09,1385.0,1421.0,1376.0,1391.5,89530,109016,JM
2024-08-12,1397.0,1408.0,1352.0,1360.0,72065,104582,JM
2024-08-13,1365.0,1379.0,1327.0,1337.0,74310,99797,JM
2024-08-14,1337.0,1347.5,1297.5,1316.0,71919,94227,JM
2024-08-15,1319.0,1371.0,1317.0,1367.5,94258,86269,JM
2024-08-16,1360.0,1384.0,1338.5,1343.5,81097,73230,JM
2024-08-19,1337.0,1354.5,1303.5,1346.5,131510,139895,JM
2024-08-20,1341.0,1354.0,1308.0,1327.0,119000,146543,JM
2024-08-21,1336.5,1376.5,1333.0,1372.5,128713,150770,JM
2024-08-22,1375.5,1380.0,1333.0,1343.5,118486,153948,JM
2024-08-23,1339.5,1346.5,1312.0,1314.0,117357,164156,JM
2024-08-26,1313.0,1366.0,1286.0,1361.0,172726,167780,JM
2024-08-27,1361.0,1395.0,1348.5,1383.5,133047,159735,JM
2024-08-28,1384.0,1399.5,1365.5,1382.0,117233,161301,JM
2024-08-29,1378.0,1408.0,1373.0,1387.0,138445,163028,JM
2024-08-30,1380.0,1397.0,1358.0,1370.5,140784,169808,JM
2024-09-02,1370.0,1370.5,1324.5,1327.5,132207,170612,JM
2024-09-03,1327.5,1339.5,1311.0,1315.0,91955,169835,JM
2024-09-04,1310.0,1319.0,1251.5,1256.5,163030,194272,JM
2024-09-05,1259.0,1278.5,1230.5,1238.0,126779,186071,JM
2024-09-06,1241.0,1266.5,1212.0,1231.5,140540,194966,JM
2024-09-09,1227.0,1237.0,1190.5,1230.5,140941,192614,JM
2024-09-10,1230.0,1247.0,1220.5,1227.5,115991,190237,JM
2024-09-11,1224.5,1262.5,1182.5,1262.0,179553,200020,JM
2024-09-12,1264.0,1284.5,1252.0,1282.5,142375,187921,JM
2024-09-13,1290.0,1296.0,1263.5,1269.0,117996,184843,JM
2024-09-18,1280.0,1296.0,1237.0,1262.0,113677,188620,JM
2024-09-19,1258.0,1296.0,1240.5,1291.0,146688,192476,JM
2024-09-20,1291.0,1300.0,1260.0,1274.0,105360,183512,JM
2024-09-23,1274.0,1289.0,1227.0,1230.5,147950,206457,JM
2024-09-24,1230.5,1305.5,1227.0,1303.0,190186,196455,JM
2024-09-25,1309.0,1350.0,1305.0,1327.0,162661,185227,JM
2024-09-26,1320.0,1363.5,1315.0,1362.0,131651,175031,JM
2024-09-27,1372.5,1416.0,1372.0,1402.0,172311,168322,JM
2024-09-30,1402.0,1546.0,1393.5,1546.0,201856,151018,JM
2024-10-08,1605.0,1620.0,1451.0,1481.5,177206,157309,JM
2024-10-09,1488.0,1509.5,1454.5,1465.5,141005,151789,JM
2024-10-10,1458.5,1477.5,1410.0,1436.5,151995,157747,JM
2024-10-11,1436.5,1494.0,1435.0,1484.0,151299,156687,JM
2024-10-14,1488.0,1517.0,1452.0,1498.5,175145,165753,JM
2024-10-15,1488.0,1509.0,1465.0,1471.0,140362,164538,JM
2024-10-16,1471.0,1488.0,1426.5,1432.0,147648,172471,JM
2024-10-17,1429.0,1457.5,1340.0,1340.0,187608,174983,JM
2024-10-18,1335.0,1378.0,1322.5,1351.0,167129,172801,JM
2024-10-21,1355.0,1375.0,1341.5,1365.0,112874,164808,JM
2024-10-22,1362.0,1382.5,1325.5,1340.5,140797,175799,JM
2024-10-23,1342.0,1358.0,1320.0,1328.5,121287,170802,JM
2024-10-24,1325.5,1344.5,1305.0,1337.0,117875,175869,JM
2024-10-25,1337.0,1368.0,1336.5,1355.0,126588,170931,JM
2024-10-28,1360.0,1417.0,1350.5,1409.5,158010,178945,JM
2024-10-29,1409.5,1427.0,1356.0,1366.0,150513,168825,JM
2024-10-30,1380.0,1398.5,1360.5,1377.5,115722,164926,JM
2024-10-31,1374.0,1380.5,1328.0,1362.0,126355,165051,JM
2024-11-01,1357.0,1369.0,1332.0,1337.0,100194,170496,JM
2024-11-04,1341.0,1368.0,1312.0,1366.0,138975,178236,JM
2024-11-05,1372.0,1379.5,1351.5,1358.0,109974,167693,JM
2024-11-06,1362.0,1367.0,1295.0,1317.5,170959,196581,JM
2024-11-07,1305.0,1342.5,1303.0,1340.0,94626,176410,JM
2024-11-08,1346.5,1362.5,1317.5,1322.5,140359,185753,JM
2024-11-11,1315.0,1334.0,1278.5,1300.5,137356,186816,JM
2024-11-12,1290.0,1300.0,1267.5,1280.0,93884,189181,JM
2024-11-13,1280.0,1308.0,1277.5,1286.5,87126,186077,JM
2024-11-14,1286.5,1293.5,1263.5,1269.0,81598,189119,JM
2024-11-15,1270.0,1283.5,1256.0,1261.0,110578,192329,JM
2024-11-18,1261.0,1289.5,1251.0,1276.5,103772,183400,JM
2024-11-19,1283.0,1296.0,1267.5,1293.0,86059,179385,JM
2024-11-20,1291.0,1291.0,1268.0,1282.5,87590,177796,JM
2024-11-21,1275.5,1317.0,1270.5,1316.5,118924,178053,JM
2024-11-22,1320.0,1328.5,1279.0,1284.0,137748,172080,JM
2024-11-25,1280.5,1304.0,1264.5,1273.0,115367,174116,JM
2024-11-26,1273.0,1281.5,1267.5,1273.0,77565,173373,JM
2024-11-27,1266.0,1274.0,1237.0,1258.0,150730,198919,JM
2024-11-28,1261.0,1263.0,1238.0,1242.0,85487,192728,JM
2024-11-29,1244.0,1258.0,1233.5,1245.5,91454,189647,JM
2024-12-02,1245.5,1250.0,1225.5,1233.5,110795,195446,JM
2024-12-03,1232.0,1238.0,1221.0,1227.0,88077,192838,JM
2024-12-04,1230.5,1231.5,1175.0,1195.0,168480,216815,JM
2024-12-05,1200.0,1214.0,1167.0,1170.5,139771,204785,JM
2024-12-06,1162.0,1187.5,1160.5,1171.0,99508,200265,JM
2024-12-09,1169.0,1173.0,1136.5,1149.5,141743,202937,JM
2024-12-10,1175.0,1215.0,1155.0,1160.0,234945,197401,JM
2024-12-11,1166.0,1182.5,1160.0,1182.0,88539,173273,JM
2024-12-12,1182.0,1202.0,1169.5,1195.0,101689,157364,JM
2024-12-13,1189.5,1189.5,1153.5,1159.0,104797,153007,JM
2024-12-16,1161.0,1163.0,1122.0,1136.0,100822,145299,JM
2024-12-17,1139.0,1154.0,1133.5,1147.0,89194,122296,JM
2024-12-18,1209.0,1212.0,1166.5,1174.0,153432,222178,JM
2024-12-19,1166.0,1177.0,1134.5,1147.5,191993,239266,JM
2024-12-20,1146.5,1172.0,1142.5,1160.5,163643,228743,JM
2024-12-23,1157.0,1166.5,1150.0,1155.5,144684,240576,JM
2024-12-24,1152.5,1156.0,1130.0,1153.0,176437,252587,JM
2024-12-25,1150.0,1165.5,1145.0,1153.0,151183,253390,JM
2024-12-26,1153.0,1163.0,1138.0,1141.0,155958,260055,JM
2024-12-27,1136.0,1145.5,1133.0,1140.0,145023,268139,JM
2024-12-30,1136.0,1162.0,1116.0,1157.5,191377,265353,JM
2024-12-31,1156.5,1168.0,1142.0,1160.5,204321,264493,JM
2025-01-02,1162.5,1187.5,1154.0,1174.0,174740,259254,JM
2025-01-03,1174.5,1176.5,1140.0,1148.5,212419,268507,JM
2025-01-06,1144.5,1170.0,1131.5,1156.0,206940,263786,JM
2025-01-07,1162.0,1169.5,1123.0,1128.0,210354,283622,JM
2025-01-08,1132.0,1135.0,1100.0,1103.0,227315,306145,JM
2025-01-09,1103.0,1106.0,1086.0,1097.0,205515,313115,JM
2025-01-10,1096.0,1101.5,1081.5,1083.5,166844,318354,JM
2025-01-13,1090.0,1120.5,1082.0,1119.5,269632,321245,JM
2025-01-14,1119.0,1131.5,1110.5,1129.5,176569,303727,JM
2025-01-15,1127.0,1129.5,1113.0,1127.0,132833,305418,JM
2025-01-16,1127.0,1167.0,1125.5,1164.5,327022,309078,JM
2025-01-17,1160.0,1178.0,1160.0,1175.5,237866,285029,JM
2025-01-20,1170.0,1173.0,1132.0,1139.0,246664,307311,JM
2025-01-21,1143.5,1164.0,1140.5,1153.5,180364,289382,JM
2025-01-22,1153.0,1155.0,1133.5,1143.5,153478,294035,JM
2025-01-23,1143.5,1163.0,1124.5,1132.5,237070,305505,JM
2025-01-24,1130.0,1137.0,1118.5,1131.0,176823,292095,JM
2025-01-27,1131.0,1144.0,1125.5,1135.0,115204,270501,JM
2025-02-05,1147.0,1147.0,1096.5,1098.5,149808,302896,JM
2025-02-06,1102.0,1134.0,1102.0,1126.5,189239,298142,JM
2025-02-07,1132.0,1169.0,1114.5,1153.5,266967,313874,JM
2025-02-10,1152.0,1152.5,1133.0,1147.0,183276,311579,JM
2025-02-11,1144.0,1151.5,1111.0,1122.0,206453,324810,JM
2025-02-12,1121.0,1128.5,1113.0,1127.5,139479,313757,JM
2025-02-13,1122.0,1125.5,1092.0,1098.5,216120,356899,JM
2025-02-14,1094.0,1103.5,1075.5,1085.0,254891,348357,JM
2025-02-17,1088.0,1091.5,1068.0,1089.0,241957,358345,JM
2025-02-18,1089.0,1096.0,1075.5,1094.5,206082,363940,JM
2025-02-19,1090.0,1097.5,1082.5,1086.0,170718,370177,JM
2025-02-20,1086.0,1124.5,1083.0,1121.0,348026,347835,JM
2025-02-21,1124.0,1138.0,1120.0,1130.0,298076,345138,JM
2025-02-24,1125.0,1131.5,1100.5,1108.0,297699,361381,JM
2025-02-25,1108.0,1111.0,1082.0,1085.0,277364,379405,JM
2025-02-26,1085.5,1097.0,1078.0,1088.0,276260,389710,JM
2025-02-27,1086.5,1104.0,1076.0,1097.5,303208,385949,JM
2025-02-28,1098.0,1105.5,1082.5,1093.0,260627,388841,JM
2025-03-03,1100.0,1123.0,1095.0,1104.0,407510,372565,JM
2025-03-04,1111.0,1112.0,1087.0,1091.0,237961,384105,JM
2025-03-05,1089.0,1091.5,1061.0,1061.5,336350,420602,JM
2025-03-06,1061.5,1074.0,1051.0,1070.0,262896,417077,JM
2025-03-07,1075.5,1088.0,1067.5,1083.0,287210,385029,JM
2025-03-10,1080.0,1094.0,1062.0,1063.5,298492,375648,JM
2025-03-11,1066.5,1069.5,1056.5,1061.0,173358,379713,JM
2025-03-12,1065.5,1076.0,1056.0,1073.0,241726,374527,JM
2025-03-13,1070.5,1093.0,1065.5,1092.0,350059,365311,JM
2025-03-14,1090.0,1092.0,1073.5,1088.0,257826,361147,JM
2025-03-17,1086.5,1086.5,1056.0,1061.5,275805,389128,JM
2025-03-18,1058.0,1066.0,1047.0,1048.5,197192,401731,JM
2025-03-19,1050.0,1051.0,1023.5,1026.0,282838,401466,JM
2025-03-20,1028.0,1036.0,1017.5,1031.0,227825,388432,JM
2025-03-21,1030.0,1035.0,1006.5,1010.0,249572,395875,JM
2025-03-24,1016.0,1033.0,1000.0,1030.0,298464,370880,JM
2025-03-25,1035.0,1035.0,1018.5,1027.0,189924,368891,JM
2025-03-26,1027.0,1034.0,1021.5,1025.5,188560,363848,JM
2025-03-27,1030.0,1041.0,1028.0,1035.0,214266,344346,JM
2025-03-28,1035.0,1035.0,1016.5,1024.0,191697,345011,JM
2025-03-31,1020.0,1021.5,985.0,988.5,343821,368225,JM
2025-04-01,988.0,1020.5,982.5,1008.0,363906,335798,JM
2025-04-02,1010.0,1011.0,989.5,1001.5,200893,329809,JM
2025-04-03,1000.0,1004.5,986.5,1001.0,181838,317455,JM
2025-04-07,961.0,984.5,940.5,977.0,250576,282206,JM
2025-04-08,977.0,988.5,922.5,926.0,326900,264443,JM
2025-04-09,930.0,940.0,884.0,917.0,365090,223298,JM
2025-04-10,915.0,940.0,906.5,913.0,267596,213456,JM
2025-04-11,910.0,913.0,888.5,892.5,242646,210466,JM
2025-04-14,999.0,1001.5,984.0,996.0,178235,254688,JM
2025-04-15,1000.0,1006.0,982.0,985.5,191170,279860,JM
2025-04-16,984.0,988.5,958.5,966.0,268952,319208,JM
2025-04-17,968.5,971.0,948.5,950.5,335891,337008,JM
2025-04-18,950.5,958.0,928.5,952.5,458184,337339,JM
2025-04-21,953.0,962.0,942.0,956.5,325451,340379,JM
2025-04-22,957.0,957.0,924.0,928.5,350052,360046,JM
2025-04-23,930.0,964.5,929.0,962.5,436326,338471,JM
2025-04-24,961.5,965.5,946.0,956.0,341458,338926,JM
2025-04-25,961.5,976.0,950.0,956.0,450489,336617,JM
2025-04-28,956.0,968.0,943.5,947.0,387146,339613,JM
2025-04-29,945.0,947.5,926.0,932.0,301698,344462,JM
2025-04-30,933.0,935.5,918.5,930.5,295627,317563,JM
2025-05-06,935.0,939.0,906.0,911.5,219944,343406,JM
2025-05-07,913.0,928.0,902.5,908.0,342798,360120,JM
2025-05-08,907.5,908.0,886.5,894.0,390871,375019,JM
2025-05-09,892.0,892.5,877.0,877.5,323286,403016,JM
2025-05-12,877.0,891.5,864.5,889.5,511424,399857,JM
2025-05-13,898.0,905.0,865.0,870.5,429310,427320,JM
2025-05-14,870.0,896.5,852.0,894.5,615173,397285,JM
2025-05-15,893.0,897.5,877.0,883.0,431105,404577,JM
2025-05-16,880.0,881.0,852.0,852.5,488250,444587,JM
2025-05-19,850.5,864.0,841.0,845.0,417286,459046,JM
2025-05-20,845.0,853.5,837.0,838.5,337517,472192,JM
2025-05-21,838.5,848.0,835.0,842.0,392102,467044,JM
2025-05-22,842.0,845.0,825.0,827.5,398595,494386,JM
2025-05-23,827.5,830.0,801.0,801.5,491253,521877,JM
2025-05-26,803.0,810.5,791.0,799.5,592256,519485,JM
2025-05-27,801.5,806.5,788.0,799.5,521082,521014,JM
2025-05-28,800.0,804.0,775.5,779.0,537375,526866,JM
2025-05-29,779.0,779.5,757.0,759.0,709680,540328,JM
2025-05-30,757.0,759.5,726.0,726.0,875062,552525,JM
2025-06-03,726.0,729.5,709.0,719.0,616565,570573,JM
2025-06-04,721.0,772.5,721.0,768.0,1429492,560831,JM
2025-06-05,760.0,765.0,742.0,757.0,1292936,579818,JM
2025-06-06,764.5,796.0,757.5,778.5,1558449,556894,JM
2025-06-09,779.0,790.0,772.0,780.0,1008128,557531,JM
2025-06-10,780.0,794.0,756.5,785.0,1417228,567843,JM
2025-06-11,790.0,801.0,778.5,783.5,1152104,557029,JM
2025-06-12,782.0,784.5,765.5,766.5,880359,562882,JM
2025-06-13,765.0,791.0,758.5,774.5,1216321,555128,JM
2025-06-16,775.0,799.5,768.0,795.5,1028795,579001,JM
2025-06-17,793.5,808.0,785.0,789.5,1019537,562767,JM
2025-06-18,786.5,801.0,782.0,790.5,834209,549735,JM
2025-06-19,788.0,795.0,778.0,790.5,780917,536104,JM
2025-06-20,790.0,809.0,788.5,795.0,919919,519609,JM
2025-06-23,793.0,810.0,788.0,807.0,776808,524014,JM
2025-06-24,806.5,812.0,781.0,784.0,1052370,533550,JM
2025-06-25,784.0,805.0,778.5,804.5,839404,524258,JM
2025-06-26,804.0,820.0,801.0,819.5,870999,564662,JM
2025-06-27,821.0,848.0,820.5,847.5,1179647,582668,JM
2025-06-30,847.0,854.0,821.5,825.0,1215001,566228,JM
2025-07-01,824.5,832.0,804.5,814.5,1071392,564422,JM
2025-07-02,813.5,848.0,809.0,843.5,1189983,529227,JM
2025-07-03,847.0,863.0,836.0,856.0,1094031,539289,JM
2025-07-04,852.5,861.5,837.0,839.5,1075390,538743,JM
2025-07-07,836.0,846.0,828.5,835.0,869329,549391,JM
2025-07-08,832.0,849.5,829.0,843.5,723095,544987,JM
2025-07-09,849.5,877.0,847.5,871.5,1245012,555558,JM
2025-07-10,871.0,902.5,870.5,897.0,1135500,542637,JM
2025-07-11,897.0,924.5,894.0,913.0,1456101,538000,JM
2025-07-14,912.0,928.0,903.0,920.0,1162405,540266,JM
2025-07-15,919.0,922.5,895.5,911.5,1051234,537766,JM
2025-07-16,912.0,918.5,889.5,897.0,975316,562020,JM
2025-07-17,895.0,919.0,890.0,918.5,992915,551465,JM
2025-07-18,922.0,948.5,920.0,926.0,1316545,531903,JM
2025-07-21,934.0,1007.0,932.0,1006.0,1610604,504871,JM
2025-07-22,1006.0,1048.5,997.5,1048.5,1636160,442089,JM
2025-07-23,1068.0,1135.5,1062.0,1135.5,2527062,409942,JM
2025-07-24,1140.5,1198.5,1115.5,1198.5,2883448,463313,JM
2025-07-25,1207.0,1259.0,1205.5,1259.0,2189213,519305,JM
2025-07-28,1264.5,1288.5,1100.5,1100.5,3461352,393117,JM
2025-07-29,1090.0,1129.5,1050.0,1120.5,1590877,337690,JM
2025-07-30,1218.0,1257.0,1166.0,1232.5,1697886,407579,JM
2025-07-31,1213.0,1230.0,1135.0,1135.0,1549275,416755,JM
2025-08-01,1120.0,1153.5,1062.5,1092.5,2225298,427980,JM
2025-08-04,1099.5,1143.0,1066.5,1141.0,1908758,487977,JM
2025-08-05,1140.0,1193.5,1111.0,1182.0,2494846,526291,JM
2025-08-06,1182.0,1233.0,1172.5,1221.0,2622048,603612,JM
2025-08-07,1226.5,1254.0,1185.0,1229.5,3371852,649421,JM
2025-08-08,1228.0,1237.5,1202.0,1227.0,2099880,660256,JM
2025-08-11,1215.0,1264.5,1185.5,1256.0,2366892,690736,JM
2025-08-12,1256.0,1325.0,1247.0,1313.0,2198089,718946,JM
2025-08-13,1313.0,1328.0,1230.5,1245.0,2684599,685537,JM
2025-08-14,1212.5,1256.5,1192.5,1214.0,2526893,660629,JM
2025-08-15,1215.5,1242.0,1205.0,1230.0,1848441,659496,JM
2025-08-18,1238.0,1252.0,1168.0,1187.5,1808726,716097,JM
2025-08-19,1189.5,1211.0,1174.0,1194.5,1364959,713865,JM
2025-08-20,1210.0,1215.0,1126.0,1162.5,1974478,698714,JM
2025-08-21,1168.0,1178.0,1143.0,1147.0,1364024,699348,JM
2025-08-22,1141.5,1164.0,1127.5,1162.0,1324473,700688,JM
2025-08-25,1162.0,1229.5,1162.0,1215.5,1938899,722514,JM
2025-08-26,1224.5,1225.5,1158.0,1160.5,1653107,717776,JM
2025-08-27,1162.0,1183.0,1142.0,1154.0,1598322,724843,JM
2025-08-28,1155.0,1175.5,1133.0,1175.0,1446978,741087,JM
2025-08-29,1178.0,1180.5,1139.5,1151.0,1398041,738966,JM
2025-09-01,1152.0,1153.0,1095.0,1118.5,1384225,748959,JM
2025-09-02,1119.0,1138.0,1107.5,1112.5,1220833,734912,JM
2025-09-03,1120.0,1132.5,1097.5,1106.0,1068419,745765,JM
2025-09-04,1105.5,1106.5,1075.0,1094.5,1185403,733627,JM
2025-09-05,1095.0,1172.0,1090.5,1158.5,1732556,721541,JM
2025-09-08,1163.0,1166.0,1121.5,1143.5,1421584,717820,JM
2025-09-09,1143.0,1151.5,1122.0,1123.5,1025227,717584,JM
2025-09-10,1117.0,1131.5,1101.5,1117.0,1007217,704402,JM
2025-09-11,1117.5,1149.0,1117.5,1141.5,1064365,718075,JM
2025-09-12,1140.0,1152.0,1125.0,1144.5,959111,697002,JM
2025-09-15,1147.5,1198.0,1147.0,1187.5,1242285,730041,JM
2025-09-16,1200.0,1249.0,1195.0,1240.5,1466001,763971,JM
2025-09-17,1255.0,1258.5,1208.5,1233.0,1392210,760526,JM
2025-09-18,1230.0,1237.5,1192.0,1203.5,1192468,724372,JM
2025-09-19,1203.0,1234.0,1200.5,1232.0,1078119,723291,JM
2025-09-22,1236.5,1253.0,1204.0,1217.5,1299354,716268,JM
2025-09-23,1214.0,1224.0,1193.5,1217.5,1065414,706845,JM
2025-09-24,1221.0,1237.0,1207.5,1224.5,1105274,699690,JM
2025-09-25,1229.5,1239.0,1215.0,1234.5,735240,683520,JM
2025-09-26,1229.5,1232.5,1195.0,1196.5,832745,688546,JM
2025-09-29,1191.0,1194.5,1152.5,1154.0,855255,623075,JM
2025-09-30,1155.5,1168.0,1117.5,1126.0,704064,554567,JM
2025-10-09,1126.0,1169.5,1126.0,1164.0,495533,568971,JM
2025-10-10,1170.0,1179.0,1151.5,1161.0,700936,596453,JM
2025-10-13,1163.0,1174.5,1128.0,1146.0,818806,589409,JM
2025-10-14,1150.0,1162.5,1116.0,1153.5,968042,607030,JM
2025-10-15,1150.0,1164.0,1131.5,1151.0,933698,601850,JM
2025-10-16,1155.0,1186.5,1142.5,1185.5,981288,623751,JM
2025-10-17,1190.5,1194.5,1172.0,1179.0,869924,606535,JM
2025-10-20,1190.0,1238.5,1187.0,1216.0,1072864,618806,JM
2025-10-21,1216.0,1216.0,1173.0,1177.0,914637,595972,JM
2025-10-22,1180.0,1212.5,1180.0,1209.5,765910,597678,JM
2025-10-23,1211.5,1261.0,1205.5,1258.5,1017667,683968,JM
2025-10-24,1261.0,1266.5,1239.0,1248.5,1033014,672945,JM
2025-10-27,1249.0,1267.0,1227.0,1263.5,976752,667831,JM
2025-10-28,1265.0,1272.0,1239.5,1242.0,848493,650364,JM
2025-10-29,1242.0,1307.0,1238.5,1302.0,1073974,706691,JM
2025-10-30,1303.0,1316.0,1282.5,1288.0,1060058,692345,JM
2025-10-31,1283.0,1318.0,1276.0,1286.0,1034091,673751,JM
2025-11-03,1286.0,1303.0,1267.0,1284.5,1020691,669763,JM
2025-11-04,1288.0,1295.0,1251.0,1253.0,860822,645210,JM
2025-11-05,1256.5,1276.5,1244.0,1268.5,807948,644473,JM
2025-11-06,1269.0,1294.5,1265.0,1290.5,915849,674603,JM
2025-11-07,1290.5,1294.5,1261.0,1270.0,829948,638430,JM
2025-11-10,1265.0,1276.0,1247.0,1265.5,835521,626571,JM
2025-11-11,1265.0,1271.5,1213.0,1213.0,1001695,628660,JM
2025-11-12,1210.5,1226.0,1207.0,1219.0,551780,593097,JM
2025-11-13,1219.0,1224.5,1202.0,1214.0,572483,592106,JM
2025-11-14,1215.0,1224.0,1183.0,1192.0,660309,586139,JM
2025-11-17,1196.0,1219.0,1192.0,1210.0,550234,558809,JM
2025-11-18,1205.5,1209.5,1151.0,1159.0,778204,570543,JM
2025-11-19,1160.0,1162.0,1138.0,1139.5,569237,549449,JM
2025-11-20,1139.5,1149.0,1103.0,1113.5,714601,536909,JM
2025-11-21,1116.5,1124.0,1096.0,1103.0,620493,497103,JM
2025-11-24,1103.0,1111.5,1077.0,1096.5,750678,498903,JM
2025-11-25,1109.0,1111.0,1082.0,1086.0,560182,496953,JM
2025-11-26,1090.0,1090.0,1053.5,1084.5,708590,476434,JM
2025-11-27,1084.5,1088.0,1066.5,1071.0,457821,452336,JM
2025-11-28,1069.0,1074.0,1053.0,1067.0,505376,449323,JM
2025-12-01,1066.0,1098.5,1055.5,1093.0,592019,423336,JM
2025-12-02,1093.0,1103.5,1085.0,1096.5,369820,397617,JM
2025-12-03,1096.5,1104.0,1062.0,1070.5,422343,392175,JM
2025-12-04,1075.0,1096.5,1059.5,1091.5,337231,350729,JM
2025-12-05,1185.5,1193.0,1138.5,1140.0,785839,469486,JM
2025-12-08,1137.0,1138.0,1082.5,1093.5,1129532,493639,JM
2025-12-09,1095.0,1098.0,1074.0,1082.5,786756,494721,JM
2025-12-10,1083.0,1095.5,1067.0,1070.0,903929,507274,JM
2025-12-11,1065.5,1083.5,1028.5,1035.0,1197339,511038,JM
2025-12-12,1038.0,1045.5,1009.0,1016.5,1116596,496427,JM
2025-12-15,1010.0,1076.5,1008.5,1061.0,1492464,494033,JM
2025-12-16,1065.0,1077.0,1037.5,1067.5,1163886,510423,JM
2025-12-17,1070.0,1076.0,1047.5,1062.0,947988,497011,JM
2025-12-18,1062.0,1136.5,1057.5,1126.5,1700451,501331,JM
2025-12-19,1133.0,1133.5,1091.5,1108.0,1235113,503602,JM
2025-12-22,1103.5,1122.0,1082.5,1114.0,1323191,500838,JM
2025-12-23,1116.0,1144.5,1105.0,1125.5,1242542,509199,JM
2025-12-24,1126.0,1143.5,1107.0,1132.0,1169245,500547,JM
2025-12-25,1135.5,1154.0,1112.0,1124.0,939425,503648,JM
2025-12-26,1122.0,1124.5,1073.0,1115.5,1400316,493746,JM
2025-12-29,1112.0,1123.0,1084.0,1088.0,1052613,496064,JM
2025-12-30,1086.0,1128.0,1086.0,1119.5,940193,488049,JM
2025-12-31,1124.0,1130.5,1104.0,1115.0,762066,448555,JM
2026-01-05,1115.0,1124.0,1078.5,1080.5,687741,501981,JM
2026-01-06,1080.0,1098.0,1062.0,1096.0,898934,499345,JM
2026-01-07,1099.5,1164.0,1093.0,1164.0,1260918,510602,JM
2026-01-08,1189.0,1237.5,1168.5,1190.0,2265707,502862,JM
2026-01-09,1185.0,1210.0,1162.0,1195.5,1500705,519612,JM
2026-01-12,1213.0,1246.0,1202.0,1238.0,1597170,512625,JM
2026-01-13,1243.5,1244.0,1188.5,1191.0,1292258,504497,JM
2026-01-14,1191.0,1222.0,1181.5,1196.5,1257220,501298,JM
2026-01-15,1201.0,1206.5,1168.0,1187.5,1022581,505837,JM
2026-01-16,1188.0,1202.5,1163.5,1171.0,1088719,497710,JM
2026-01-19,1172.5,1199.0,1161.0,1174.5,1006909,502734,JM
2026-01-20,1175.0,1176.0,1123.5,1124.0,1088174,532749,JM
2026-01-21,1125.0,1131.0,1107.0,1129.0,864680,515444,JM
2026-01-22,1132.0,1135.0,1115.0,1131.5,736188,521061,JM
2026-01-23,1135.0,1170.5,1124.0,1157.0,1077875,500996,JM
2026-01-26,1155.0,1167.0,1138.5,1159.5,886410,492406,JM
2026-01-27,1162.0,1162.5,1110.0,1116.5,832838,513166,JM
2026-01-28,1116.0,1137.0,1107.0,1134.5,714203,498910,JM
2026-01-29,1134.0,1166.0,1123.0,1165.0,822672,477466,JM
2026-01-30,1173.0,1204.5,1133.0,1155.5,1313231,451362,JM
2026-02-02,1155.5,1198.0,1135.0,1141.5,1342773,431903,JM
2026-02-03,1154.5,1188.0,1145.0,1167.5,1120877,434435,JM
2026-02-04,1175.0,1234.0,1161.5,1209.0,1608640,518681,JM
2026-02-05,1200.0,1208.0,1161.5,1172.0,1191972,490404,JM
2026-02-06,1165.0,1170.0,1135.5,1138.5,933887,475933,JM
2026-02-09,1135.0,1149.5,1125.0,1147.0,798141,469142,JM
2026-02-10,1148.5,1149.0,1117.5,1119.0,711282,499139,JM
2026-02-11,1116.0,1135.5,1115.5,1123.5,545983,484830,JM
2026-02-12,1127.0,1133.0,1112.0,1120.0,528830,466892,JM
2026-02-13,1123.0,1128.5,1110.0,1121.0,461599,412479,JM
2026-02-24,1130.0,1135.0,1081.5,1101.5,592026,468538,JM
2026-02-25,1103.0,1133.0,1100.5,1126.0,725315,491946,JM
2026-02-26,1125.0,1125.0,1083.0,1090.0,717671,559107,JM
2026-02-27,1086.0,1094.0,1068.0,1093.5,734084,549747,JM
2026-03-02,1095.0,1099.5,1063.5,1094.0,896153,545543,JM
2026-03-03,1097.0,1128.5,1074.0,1127.0,1151632,506242,JM
2026-03-04,1130.0,1133.0,1087.5,1097.0,989346,505033,JM
2026-03-05,1094.5,1120.5,1082.0,1105.5,967615,488493,JM
2026-03-06,1105.5,1126.0,1087.0,1123.0,876475,496857,JM
2026-03-09,1136.0,1195.5,1136.0,1168.0,1369668,421519,JM
2026-03-10,1164.0,1173.0,1110.0,1121.5,1041411,425172,JM
2026-03-11,1121.5,1146.5,1113.0,1144.5,679845,407283,JM
2026-03-12,1150.0,1183.5,1142.5,1153.0,1002451,393876,JM
2026-03-13,1162.5,1198.0,1157.0,1178.0,1011012,405635,JM
2026-03-16,1170.0,1205.0,1157.5,1181.0,889002,401244,JM
2026-03-17,1170.0,1184.0,1153.5,1176.0,673142,391087,JM
2026-03-18,1175.5,1194.0,1151.0,1156.5,854724,394808,JM
2026-03-19,1170.0,1185.5,1145.0,1159.5,843214,391594,JM
2026-03-20,1156.0,1177.5,1146.0,1171.0,753774,384256,JM
2026-03-23,1178.0,1289.5,1171.0,1289.5,1695879,436844,JM
2026-03-24,1225.0,1294.0,1219.0,1249.5,1501424,390957,JM
2026-03-25,1258.0,1275.0,1211.0,1241.0,1098619,382705,JM
2026-03-26,1241.0,1255.0,1223.0,1230.0,768756,383197,JM
2026-03-27,1245.0,1250.0,1203.0,1219.0,787836,401093,JM
2026-03-30,1230.0,1236.0,1204.5,1214.0,756767,399980,JM
2026-03-31,1209.5,1211.0,1148.0,1148.5,863734,396170,JM
2026-04-01,1148.5,1154.0,1113.0,1114.5,721704,379974,JM
2026-04-02,1120.0,1144.0,1110.0,1131.5,651208,348439,JM
2026-04-03,1150.0,1160.0,1104.0,1112.5,607377,331526,JM
2026-04-07,1116.0,1119.0,1096.5,1108.5,359784,332908,JM
2026-04-08,1112.5,1126.0,1088.0,1120.5,568843,317401,JM
2026-04-09,1112.0,1122.0,1076.5,1077.0,570968,340401,JM
2026-04-10,1075.0,1077.5,1042.5,1056.0,688311,314609,JM
2026-04-13,1066.0,1075.0,1052.5,1066.0,415896,291408,JM
2026-04-14,1066.0,1071.5,1056.0,1065.0,330266,277686,JM
2026-04-15,1065.0,1087.5,1062.5,1083.0,420615,259545,JM
2026-04-16,1234.0,1248.5,1221.5,1248.0,347898,321571,JM
2026-04-17,1248.0,1248.0,1216.0,1226.0,488199,359602,JM
2026-04-20,1215.0,1270.0,1210.0,1263.5,759832,386866,JM
2026-04-21,1262.0,1270.5,1250.5,1262.0,541413,396014,JM
2026-04-22,1260.0,1280.0,1251.5,1273.0,579217,411857,JM
2026-04-23,1279.0,1292.5,1252.0,1257.5,715511,421268,JM
2026-04-24,1255.0,1275.5,1244.0,1258.5,604354,418830,JM
2026-04-27,1259.0,1281.5,1258.0,1277.0,643472,431993,JM
2026-04-28,1277.5,1285.0,1252.0,1266.5,556093,430584,JM
2026-04-29,1267.0,1278.0,1253.5,1273.5,476706,435261,JM
2026-04-30,1280.0,1298.5,1274.0,1287.0,703783,428448,JM
2026-05-06,1290.0,1323.0,1279.5,1313.5,454103,459814,JM
2026-05-07,1301.5,1308.0,1281.5,1304.0,588829,470175,JM
2026-05-08,1300.0,1313.0,1282.0,1286.0,670015,480249,JM
2026-05-11,1290.0,1315.0,1285.0,1309.0,536245,489484,JM
2026-05-12,1310.0,1313.0,1238.0,1241.0,935428,488910,JM
2026-05-13,1242.0,1249.0,1222.5,1244.0,645002,479266,JM
2026-05-14,1252.0,1254.0,1235.5,1242.5,471094,467784,JM
2026-05-15,1239.5,1244.0,1220.5,1225.0,524244,470382,JM
2026-05-18,1225.0,1239.5,1208.0,1208.5,531817,479648,JM
2026-05-19,1210.0,1224.5,1205.0,1221.0,387280,471952,JM
2026-05-20,1221.0,1223.0,1196.5,1218.0,579160,483260,JM
2026-05-21,1214.0,1225.0,1189.5,1190.5,517126,507024,JM
2026-05-22,1190.0,1193.5,1160.5,1162.5,604217,540068,JM
2026-05-25,1160.0,1266.5,1152.5,1266.5,321695,496562,JM
2026-05-26,1330.5,1330.5,1234.0,1260.0,2069433,444224,JM
2026-05-27,1260.0,1282.0,1251.0,1273.0,1009844,459826,JM
2026-05-28,1278.0,1302.0,1273.0,1290.0,904978,466523,JM
2026-05-29,1287.0,1294.5,1276.0,1285.5,677697,457837,JM
2026-06-01,1288.0,1387.5,1287.0,1377.0,1562733,547028,JM
2026-06-02,1375.0,1380.0,1356.5,1362.5,891365,537171,JM
2026-06-03,1363.0,1392.0,1355.0,1381.5,1042096,570280,JM
2026-06-04,1391.0,1449.0,1390.5,1431.5,1773954,634248,JM
2026-06-05,1435.0,1477.0,1415.5,1459.0,1641942,677367,JM
2026-06-08,1469.5,1486.5,1420.0,1429.5,1913579,654719,JM
2026-06-09,1429.0,1438.0,1340.5,1360.0,2043663,555065,JM
2026-06-10,1367.0,1384.5,1322.5,1363.5,1725822,540269,JM
2026-06-11,1373.5,1379.0,1338.5,1362.0,1249585,536959,JM
2026-06-12,1365.0,1408.5,1348.5,1370.5,1428119,549043,JM
2026-06-15,1366.0,1379.5,1335.5,1348.5,1080558,534768,JM
2026-06-16,1346.5,1368.5,1336.5,1343.0,974426,542246,JM
2026-06-17,1340.0,1363.0,1327.0,1342.5,972372,533604,JM
2026-06-18,1331.0,1338.5,1259.0,1271.0,1537496,476841,JM
2026-06-22,1280.0,1285.5,1257.5,1275.5,553898,483444,JM
2026-06-23,1274.0,1277.5,1242.0,1248.0,740571,469029,JM
2026-06-24,1250.0,1259.5,1237.0,1245.5,599174,471905,JM
2026-06-25,1245.0,1258.5,1232.5,1238.5,684394,468156,JM
2026-06-26,1242.0,1262.0,1225.5,1248.5,739294,456929,JM
2026-06-29,1249.0,1296.0,1244.0,1294.5,728954,484494,JM
2026-06-30,1295.0,1295.0,1263.0,1280.5,825888,469231,JM
2026-07-01,1280.0,1282.0,1245.0,1262.0,781984,439246,JM
2026-07-02,1262.0,1278.0,1252.5,1267.5,684418,444101,JM
2026-07-03,1275.0,1293.0,1270.0,1282.0,671837,439114,JM
2026-07-06,1280.5,1305.0,1273.0,1283.5,749237,451205,JM
2026-07-07,1286.0,1292.5,1268.5,1273.0,524807,444025,JM
2026-07-08,1273.0,1309.5,1269.0,1293.5,657395,447976,JM
2026-07-09,1295.0,1297.5,1282.0,1290.0,492717,440244,JM
2026-07-10,1286.0,1290.0,1249.5,1257.5,804703,454057,JM
2026-07-13,1254.0,1258.0,1236.0,1239.0,617622,449377,JM
2026-07-14,1239.0,1265.0,1238.0,1260.0,538312,441075,JM
2026-07-15,1260.0,1281.5,1248.5,1273.0,560926,435764,JM
2026-07-16,1273.0,1278.5,1253.0,1261.0,444026,421429,JM
2026-07-17,1261.0,1274.0,1256.5,1260.5,459074,410231,JM
2026-07-20,1262.0,1296.0,1262.0,1272.0,792899,407787,JM
